{
	"playfield": {
		"x": 1389,
		"y": 153,
		"w": 420,
		"h": 597
	},
	"playfield_norm": {
		"x": 0,
		"y": 0,
		"w": 1,
		"h": 1
	},
	"card_bar": {
		"x": 1457,
		"y": 872,
		"w": 395,
		"h": 88
	},
	"card_bar_norm": {
		"nx": 0.1619047619047619,
		"ny": 1.2036842105263158,
		"nw": 0.9404761904761905,
		"nh": 0.1474056603773585
	},
	"elixir_baseline": {
		"left": {
			"x": 1459,
			"y": 1000
		},
		"right": {
			"x": 1859,
			"y": 1000
		},
		"y": 1000
	},
	"elixir_baseline_norm": {
		"nx_left": 0.16666666666666666,
		"nx_right": 1.119047619047619,
		"ny": 1.4187604690117253
	},
	"battle_button_rect": {
		"x": 1522,
		"y": 771,
		"w": 168,
		"h": 88
	},
	"battle_button_rect_norm": {
		"nx": 0.31666666666666665,
		"ny": 1.0350174216027874,
		"nw": 0.4,
		"nh": 0.1474056603773585
	},
	"ok_button_point": {
		"x": 1545,
		"y": 888
	},
	"ok_button_point_norm": {
		"nx": 0.37142857142857144,
		"ny": 1.231651376146789
	},
	"match_over_rect": {
		"x": 1333,
		"y": 40,
		"w": 331,
		"h": 888
	},
	"match_over_rect_norm": {
		"nx": -0.13333333333333333,
		"ny": -0.18944954128440367,
		"nw": 0.7880952380952381,
		"nh": 1.4874371859296483
	},
	"notes": "Normalized values may fall outside [0,1] if UI elements are outside the arena rectangle; this is expected.",
	"created_at": "2025-09-02 14:00:00"
}
